,id,city,country,latitude,longitude
0,1153,Kyiv,UA,50.4500336,30.5241361
1,1152,Warsaw,PL,52.2333742,21.0711489
2,899,,US,52.2333742,21.0711489
3,900,Zurich,CH,47.3744489,8.5410422
4,123,Seoul,KR,37.5666791,126.9782914
5,699,Beirut,LB,33.8892265,35.5025585
6,276,Klagenfurt,AT,46.623943,14.3075976
7,893,,US,52.2333742,21.0711489
8,1364,,,52.2333742,21.0711489
9,1242,Kanata,CA,61.0666922,-107.991707
10,1203,Kinshasa,CG,-4.3196982,15.3424196
11,323,Canberra,AU,-35.2975906,149.1012676
12,1151,Lagos,NG,6.4550575,3.3941795
13,488,Port au Pince,HT,48.5522603,-1.5117961
14,586,Auckland,NZ,-36.852095,174.7631803
15,920,Kapolei (Oahu),US,21.3585433,-158.0512324
16,981,"Mangalagiri, Andhra Pradesh",IN,16.4318209,80.5688069
17,443,Miami,US,25.7741566,-80.1935973
18,737,Amsterdam,NL,52.3730796,4.8924534
19,2,Amsterdam,NL,52.3730796,4.8924534
20,1214,Bangkok,TH,13.7524938,100.4935089
21,61,"Willemstad, Curacao",AN,12.1066695,-68.9351307
22,549,,DJ,52.2333742,21.0711489
23,1430,Sint Eustatius,BQ,17.5085293,-62.9954769
24,356,Hong Kong,CN,22.350627,114.1849161
25,1031,Hyderabad,IN,17.360589,78.4740613
26,1020,Kolkata,IN,22.5726459,88.3638953
27,1211,Lagos,NG,6.4550575,3.3941795
28,1402,Manila,PH,14.5904492,120.9803621
29,619,Mumbai,IN,19.054999,72.8692035
30,1032,Singapore,SG,1.357107,103.8194992
31,532,San Francisco,US,37.7792588,-122.4193286
32,533,Chicago,US,41.8755616,-87.6244212
33,202,Luanda,AO,-8.8272699,13.2439512
34,531,Luanda,AO,-8.8272699,13.2439512
35,1359,,,52.2333742,21.0711489
36,746,Tirana,AL,41.3281482,19.8184435
37,238,Boston,US,42.3554334,-71.060511
38,239,Chicago,US,41.8755616,-87.6244212
39,240,Miami,US,25.7741566,-80.1935973
40,242,New York,US,40.7127281,-74.0060152
41,243,Reston,US,38.953282,-77.3464516
42,241,Milpitas,US,37.4332273,-121.8989248
43,126,Auckland,NZ,-36.852095,174.7631803
44,721,Gdynia,PL,54.5164982,18.5402738
45,969,La Troncal,EC,-2.433689,-79.3751632
46,908,Aqaba,JO,29.5266483,35.0075433
47,1038,,AR,52.2333742,21.0711489
48,1405,Jakarta,ID,-6.1754049,106.827168
49,913,Fremont,US,37.5482697,-121.988571
50,372,Yerevan,AM,40.1777112,44.5126233
51,940,Johor Bahru,MY,1.4581986,103.7649059
52,695,Tokyo,JP,35.6768601,139.7638947
53,1328,,,52.2333742,21.0711489
54,1329,,,52.2333742,21.0711489
55,879,Athens,GR,33.9597677,-83.376398
56,564,Clermont-Ferrand,FR,45.7774551,3.0819427
57,1262,Düsseldorf,DE,51.2254018,6.7763137
58,287,Phoenix,US,33.4484367,-112.074141
59,932,Nassau,BS,25.0782266,-77.3383438
60,291,Bucharest,RO,44.4361414,26.1027202
61,197,Sofia,BG,42.6977028,23.3217359
62,741,Vilnius,LT,54.6870458,25.2829111
63,766,Baltimore,US,39.2908816,-76.610759
64,587,Bangkok,TH,13.7524938,100.4935089
65,892,Chiang Mai,TH,18.7882778,98.9858802
66,1144,"Banyumas, Jawa Tengah",ID,-7.4550716,109.1167465
67,1344,,,52.2333742,21.0711489
68,904,Batam,ID,1.1030815,104.0383696
69,845,Jakarta,ID,-6.1754049,106.827168
70,590,Hong Kong,HK,22.350627,114.1849161
71,366,Osaka,JP,34.6937569,135.5014539
72,601,Singapore,SG,1.357107,103.8194992
73,51,Tokyo,JP,35.6768601,139.7638947
74,1301,,,52.2333742,21.0711489
75,1298,,,52.2333742,21.0711489
76,1296,,,52.2333742,21.0711489
77,991,Fukuoka,JP,33.6251241,130.6180016
78,1300,,,52.2333742,21.0711489
79,1245,,,52.2333742,21.0711489
80,1303,,,52.2333742,21.0711489
81,1302,,,52.2333742,21.0711489
82,1299,,,52.2333742,21.0711489
83,802,,,52.2333742,21.0711489
84,1244,,,52.2333742,21.0711489
85,21,Berlin,DE,52.5173885,13.3951309
86,917,Barcelona,ES,41.3825802,2.177073
87,109,Dhaka,BD,23.7643863,90.3890144
88,905,Stolon,FR,47.0056455,-76.3055009
89,1350,,,52.2333742,21.0711489
90,147,Beirut,LB,33.8892265,35.5025585
91,812,,BE,52.2333742,21.0711489
92,545,Cotonou,BJ,6.3676953,2.4252507
93,1131,Pekanbaru,ID,0.5262455,101.4515727
94,855,Bradford,GB,53.7944229,-1.7519186
95,907,Bobo-Dioulasso,BF,11.1765796,-4.2961436
96,556,,BF,52.2333742,21.0711489
97,1373,,,52.2333742,21.0711489
98,1120,Accra,GH,5.5571096,-0.2012376
99,1107,Athens,GR,33.9597677,-83.376398
100,1064,Atlanta,US,33.7544657,-84.3898151
101,1099,Bangalore,IN,12.9767936,77.590082
102,1100,Berlin,DE,52.5173885,13.3951309
103,1098,Brussels,BE,50.8465573,4.351697
104,1102,Bucharest,RO,44.4361414,26.1027202
105,1105,Cairo,EG,30.0443879,31.2357257
106,1375,,,52.2333742,21.0711489
107,1122,Chicago,US,41.8755616,-87.6244212
108,1114,Dhaka,BD,23.7643863,90.3890144
109,1070,Fremont,US,37.5482697,-121.988571
110,1072,Houston,US,29.7589382,-95.3676974
111,1073,Jacksonville,US,30.3321838,-81.655651
112,1125,Jersey City,US,40.7215682,-74.047455
113,1076,Lagos,NG,6.4550575,3.3941795
114,1077,Las Vegas,US,36.1674263,-115.1484131
115,1376,,,52.2333742,21.0711489
116,1103,Madrid,ES,40.416782,-3.703507
117,1112,Manila,PH,14.5904492,120.9803621
118,1123,Miami,US,25.7741566,-80.1935973
119,1108,Montreal,CA,45.5031824,-73.5698065
120,1082,Mumbai,IN,19.054999,72.8692035
121,1083,New York,US,40.7127281,-74.0060152
122,1084,Oslo,NO,59.9133301,10.7389701
123,1101,Paris,FR,48.8534951,2.3483915
124,1104,Riga,LV,56.9493977,24.1051846
125,1124,Riyadh,SA,18.0107143,-15.955326
126,1118,Santiago,CL,9.8694792,-83.7980749
127,1126,Sao Paulo,BR,-23.5506507,-46.6333824
128,1087,Seattle,US,47.6038321,-122.330062
129,1111,Shanghai,CN,31.2312707,121.4700152
130,1089,Sofia,BG,42.6977028,23.3217359
131,1109,Tokyo,JP,35.6768601,139.7638947
132,1092,Toronto,CA,43.6534817,-79.3839347
133,1110,Vancouver,CA,49.2608724,-123.113952
134,1094,Vilnius,LT,54.6870458,25.2829111
135,1095,Warsaw,PL,52.2333742,21.0711489
136,1389,,,52.2333742,21.0711489
137,1062,,AU,52.2333742,21.0711489
138,1065,,NZ,52.2333742,21.0711489
139,1063,,NL,52.2333742,21.0711489
140,1066,,ES,52.2333742,21.0711489
141,1113,,TH,52.2333742,21.0711489
142,1067,,AU,52.2333742,21.0711489
143,1115,,CO,52.2333742,21.0711489
144,1127,,AR,52.2333742,21.0711489
145,1068,,DE,52.2333742,21.0711489
146,1116,,BR,52.2333742,21.0711489
147,1069,,DE,52.2333742,21.0711489
148,1071,,CN,52.2333742,21.0711489
149,1091,,IL,52.2333742,21.0711489
150,1106,,UA,52.2333742,21.0711489
151,1074,,ZA,52.2333742,21.0711489
152,1075,,US,52.2333742,21.0711489
153,1079,,US,52.2333742,21.0711489
154,1117,,PE,52.2333742,21.0711489
155,1078,,GB,52.2333742,21.0711489
156,1080,,AU,52.2333742,21.0711489
157,1128,,MX,52.2333742,21.0711489
158,1081,,RU,52.2333742,21.0711489
159,1085,,AU,52.2333742,21.0711489
160,1129,,PA,52.2333742,21.0711489
161,1130,,BR,52.2333742,21.0711489
162,1086,,IT,52.2333742,21.0711489
163,1121,,KR,52.2333742,21.0711489
164,1088,,SG,52.2333742,21.0711489
165,1090,,AU,52.2333742,21.0711489
166,1119,,EC,52.2333742,21.0711489
167,1093,,CL,52.2333742,21.0711489
168,1096,,CH,52.2333742,21.0711489
169,748,Sarajevo,BA,43.8570713,18.4126147
170,246,New York,US,40.7127281,-74.0060152
171,203,Gaborone,BW,-24.6581357,25.9088474
172,358,Jakarta,ID,-6.1754049,106.827168
173,12,Budapest,HU,47.4978789,19.0402383
174,192,Bergen,NO,60.3943055,5.3259192
175,1315,,,52.2333742,21.0711489
176,1316,,,52.2333742,21.0711489
177,1313,,,52.2333742,21.0711489
178,1314,,,52.2333742,21.0711489
179,1312,,,52.2333742,21.0711489
180,40,Sofia,BG,42.6977028,23.3217359
181,286,Buffalo,US,42.8867166,-78.8783922
182,4,Brussels,BE,50.8465573,4.351697
183,273,Boras,SE,57.7210839,12.9407407
184,407,Boston,US,42.3554334,-71.060511
185,588,Brno,CZ,49.1922443,16.6113382
186,672,Rennes,FR,48.1113387,-1.6800198
187,404,Bremen,DE,53.0758196,8.8071646
188,620,Karlsruhe,DE,49.0068705,8.4034195
189,915,Bandar Seri Begawan,BN,4.8895453,114.9417574
190,279,Minsk,BY,53.9024716,27.5618225
191,206,Cairo,EG,30.0443879,31.2357257
192,1305,,,52.2333742,21.0711489
193,1306,,,52.2333742,21.0711489
194,984,Noumea,NC,-22.2745264,166.442419
195,266,Pointe-Claire,CA,45.4566767,-73.8067442
196,811,Kanata,CA,61.0666922,-107.991707
197,1451,Quebec city,CA,46.8137431,-71.2084061
198,1452,Toronto,CA,43.6534817,-79.3839347
199,209,Cape Town,ZA,-33.9288301,18.4172197
200,11,Barcelona,ES,41.3825802,2.177073
201,697,Jakarta,ID,-6.1754049,106.827168
202,1178,Pekanbaru - Jakarta,ID,,
203,1270,,,52.2333742,21.0711489
204,857,Glattbrug,CH,,
205,921,,US,52.2333742,21.0711489
206,852,Christchurch,NZ,-43.530955,172.6364343
207,127,Christchurch,NZ,-43.530955,172.6364343
208,149,Chicago,US,41.8755616,-87.6244212
209,582,Beijing,CN,40.190632,116.412144
210,585,Guangzhou,CN,23.1301964,113.2592945
211,1372,,,52.2333742,21.0711489
212,1275,,,52.2333742,21.0711489
213,947,Queretaro,MX,20.8052225,-99.8837376
214,1390,,,52.2333742,21.0711489
215,1294,,,52.2333742,21.0711489
216,1183,Sukoharjo,ID,-7.6814995,110.8700287
217,1234,Frankfurt,DE,50.1106444,8.6820917
218,205,Abidjan,CI,5.320357,-4.016107
219,28,Zagreb,HR,45.8130967,15.9772795
220,496,Krakow,PL,50.0619474,19.9368564
221,684,"Atlanta, GA",US,33.7544657,-84.3898151
222,7,,CH,52.2333742,21.0711489
223,1368,,,52.2333742,21.0711489
224,1366,,,52.2333742,21.0711489
225,1367,,,52.2333742,21.0711489
226,457,Beijing,CN,40.190632,116.412144
227,1435,Jakarta,ID,-6.1754049,106.827168
228,604,Beijing,CN,40.190632,116.412144
229,432,Phnom Penh,KH,11.5730391,104.857807
230,696,St. Petersburg,RU,59.938732,30.316229
231,477,Bend,US,44.0581728,-121.3153096
232,747,,,52.2333742,21.0711489
233,1406,,,52.2333742,21.0711489
234,1229,Genova,IT,44.40726,8.9338624
235,257,Denver,US,39.7392364,-104.984862
236,52,Los Angeles,US,34.0536909,-118.242766
237,186,"Crimea Republic, Simferopol",RU,44.9521459,34.1024858
238,541,San José,CR,37.3361663,-121.890591
239,882,Vancouver,CA,49.2608724,-123.113952
240,1177,Praia,CV,14.9162811,-23.5095095
241,1188,Makassar,ID,-5.1342962,119.4124282
242,1187,Jakarta,ID,-6.1754049,106.827168
243,73,Nicosia,CY,35.2116524,33.3311878
244,640,Austin,US,30.2711286,-97.7436995
245,643,Chicago,US,41.8755616,-87.6244212
246,353,Carrollton,US,32.9515472,-96.9034244
247,639,Houston,US,29.7589382,-95.3676974
248,642,Phoenix,US,33.4484367,-112.074141
249,641,San Antonio,US,29.4246002,-98.4951405
250,644,Sterling,US,31.8151416,-101.0452671
251,1331,,,52.2333742,21.0711489
252,1330,,,52.2333742,21.0711489
253,1332,,,52.2333742,21.0711489
254,922,"Irving, TX",US,32.8295183,-96.9442177
255,1060,Roseau,DM,48.7710371,-95.7697882
256,1058,Baton Rouge,US,30.4494155,-91.1869659
257,1056,Dallas,US,32.7762719,-96.7968559
258,1057,Dublin,US,53.3493795,-6.2605593
259,1284,,,52.2333742,21.0711489
260,567,Moscow,RU,55.625578,37.6063916
261,1363,,,52.2333742,21.0711489
262,1339,Dresden,DE,51.0493286,13.7381437
263,860,Chennai,IN,13.0836939,80.270186
264,688,Delhi,IN,28.6328027,77.2197713
265,1246,Bangalore,IN,12.9767936,77.590082
266,1173,Copenhagen,DK,55.6867243,12.5700724
267,1181,Esbjerg,DK,55.4664892,8.4520751
268,1174,Helsinki,FI,60.1698897,24.9384719
269,1423,Houston,US,29.7589382,-95.3676974
270,1238,Hyderabad,IN,17.360589,78.4740613
271,1261,Jakarta,ID,-6.1754049,106.827168
272,689,Kolkata,IN,22.5726459,88.3638953
273,1172,Kristiansand,NO,58.0856276,7.931858
274,1155,Leipzig,DE,51.3406321,12.3747329
275,1401,Querétaro,MX,20.8052225,-99.8837376
276,634,Mumbai,IN,19.054999,72.8692035
277,1170,Oslo,NO,59.9133301,10.7389701
278,1030,Phoenix,US,33.4484367,-112.074141
279,1421,,,52.2333742,21.0711489
280,1422,Sao Paulo,BR,-23.5506507,-46.6333824
281,943,"Denver, CO",US,39.7392364,-104.984862
282,1340,,,52.2333742,21.0711489
283,662,Detroit,US,42.3315509,-83.0466403
284,580,Dallas,US,32.7762719,-96.7968559
285,1189,Jakarta,ID,-6.1754049,106.827168
286,1338,,,52.2333742,21.0711489
287,56,Atlanta,US,33.7544657,-84.3898151
288,229,Dallas,US,32.7762719,-96.7968559
289,230,New York,US,40.7127281,-74.0060152
290,231,Phoenix,US,33.4484367,-112.074141
291,253,Vienna,US,48.2083537,16.3725042
292,1304,,,52.2333742,21.0711489
293,29,Lyngby,DK,55.7718649,12.5051413
294,441,Tokyo,JP,35.6768601,139.7638947
295,1185,,TD,52.2333742,21.0711489
296,978,Douala,CM,4.0429389,9.7062018
297,322,Donetsk,UA,48.0158753,37.8013407
298,463,Dortmund,DE,51.5142273,7.4652789
299,1444,Doha,QA,25.2856329,51.5264162
300,1371,,,52.2333742,21.0711489
301,270,Honolulu,US,21.304547,-157.855676
302,939,Bucharest,RO,44.4361414,26.1027202
303,198,Kiev,UA,50.4500336,30.5241361
304,910,Ruhr area,DE,51.517518,7.1439182
305,487,Durban,ZA,-29.861825,31.009909
306,565,Dusseldorf,DE,51.2254018,6.7763137
307,373,Dubai,AE,25.0742823,55.1885387
308,810,,DE,52.2333742,21.0711489
309,485,Niigata,JP,37.6452283,138.7669125
310,835,Adelaide,AU,-34.9281805,138.5999312
311,1232,Auckland,NZ,-36.852095,174.7631803
312,839,Brisbane,AU,-27.4689623,153.0235009
313,837,Darwin,AU,-12.46044,130.8410469
314,836,Hobart,AU,-42.8825088,147.3281233
315,841,Melbourne,AU,-37.8142454,144.9631732
316,838,Perth,AU,-31.9558967,115.8605784
317,1169,Singapore,SG,1.357107,103.8194992
318,840,Sydney,AU,-33.8698439,151.2082848
319,1236,,,52.2333742,21.0711489
320,1051,Cairo,EG,30.0443879,31.2357257
321,772,Chennai,IN,13.0836939,80.270186
322,683,Delhi,IN,28.6328027,77.2197713
323,773,Hyderabad,IN,17.360589,78.4740613
324,694,Mumbai,IN,19.054999,72.8692035
325,771,Pune,IN,18.5213738,73.8545071
326,169,Ekaterinburg,RU,56.8382071,60.6007886
327,1192,Frankfurt,DE,50.1106444,8.6820917
328,1388,,,52.2333742,21.0711489
329,1443,Enschede,NL,52.2233632,6.8705957
330,1147,Freemont,US,39.7451079,-76.0663376
331,548,Warsaw,PL,52.2333742,21.0711489
332,436,Warsaw,PL,52.2333742,21.0711489
333,1326,,,52.2333742,21.0711489
334,779,,,52.2333742,21.0711489
335,68,Ashburn,US,39.029784,-77.4744148
336,439,Atlanta,US,33.7544657,-84.3898151
337,1264,,,52.2333742,21.0711489
338,776,Bogotá,CO,4.6533817,-74.0836331
339,236,Chicago,US,41.8755616,-87.6244212
340,235,Dallas,US,32.7762719,-96.7968559
341,780,,,52.2333742,21.0711489
342,714,Dublin,IE,53.3493795,-6.2605593
343,715,Frankfurt,DE,50.1106444,8.6820917
344,440,Helsinki,FI,60.1698897,24.9384719
345,180,Hong Kong,HK,22.350627,114.1849161
346,781,Houston,US,29.7589382,-95.3676974
347,1222,,,52.2333742,21.0711489
348,1408,Kuala Lumpur,MY,3.1526589,101.7022205
349,782,,,52.2333742,21.0711489
350,716,London,GB,51.4893335,-0.1440551
351,234,Los Angeles,US,34.0536909,-118.242766
352,783,,,52.2333742,21.0711489
353,717,Manchester,GB,53.4794892,-2.2451148
354,568,Melbourne,AU,-37.8142454,144.9631732
355,886,Mexico City,MX,19.3207722,-99.1514678
356,484,Miami,US,25.7741566,-80.1935973
357,719,Milan,IT,45.4641943,9.1896346
358,1267,,,52.2333742,21.0711489
359,1230,Chennai,IN,13.0836939,80.270186
360,1266,,,52.2333742,21.0711489
361,237,New York,US,40.7127281,-74.0060152
362,651,Osaka,JP,34.6937569,135.5014539
363,251,Palo Alto,US,37.4443293,-122.1598465
364,39,Paris,FR,48.8534951,2.3483915
365,1263,,,52.2333742,21.0711489
366,887,Rio de Janeiro,BR,-22.9110137,-43.2093727
367,233,San Jose,US,37.3361663,-121.890591
368,215,Sao Paulo,BR,-23.5506507,-46.6333824
369,343,Seattle,US,47.6038321,-122.330062
370,1265,,,52.2333742,21.0711489
371,181,Singapore,SG,1.357107,103.8194992
372,718,Stockholm,SE,59.3251172,18.0710935
373,179,Sydney,AU,-33.8698439,151.2082848
374,182,Tokyo,JP,35.6768601,139.7638947
375,344,Toronto,CA,43.6534817,-79.3839347
376,785,,,52.2333742,21.0711489
377,36,Warsaw,PL,52.2333742,21.0711489
378,22,Zurich,CH,47.3744489,8.5410422
379,1034,,NL,52.2333742,21.0711489
380,62,Madrid,ES,40.416782,-3.703507
381,667,Madrid,ES,40.416782,-3.703507
382,834,Moscow,RU,55.625578,37.6063916
383,1445,Istanbul,TR,41.006381,28.9758715
384,302,Strasbourg,FR,48.584614,7.7507127
385,756,Manitoba,CA,55.001251,-97.001038
386,1417,Basel,CH,47.5581077,7.5878261
387,1042,Bangalore,IN,12.9767936,77.590082
388,1260,Kansas City,US,39.100105,-94.5781416
389,1365,,,52.2333742,21.0711489
390,1012,Altoona,US,40.5193586,-78.3968299
391,1011,Houston,US,29.7589382,-95.3676974
392,171,Espoo,FI,60.2049651,24.6559808
393,23,Helsinki,FI,60.1698897,24.9384719
394,172,Oulu,FI,65.0117869,25.4701983
395,1273,,,52.2333742,21.0711489
396,1271,,,52.2333742,21.0711489
397,1272,,,52.2333742,21.0711489
398,1039,Kiev,UA,50.4500336,30.5241361
399,1259,Berlin,DE,52.5173885,13.3951309
400,150,Oslo,NO,59.9133301,10.7389701
401,958,Fargo,US,46.877229,-96.789821
402,1014,Avers,CH,46.4446229,9.5329049
403,1157,Tiawan,TW,,
404,9,Frankfurt am Main,DE,50.1106444,8.6820917
405,31,,FR,52.2333742,21.0711489
406,1156,Lille,FR,50.6365654,3.0635282
407,434,Marseille,FR,43.2961743,5.3699525
408,41,Paris,FR,48.8534951,2.3483915
409,274,Toulouse,FR,43.6044638,1.4442433
410,1395,Thessaloniki,GR,40.6403167,22.9352716
411,976,Fremont,US,37.5482697,-121.988571
412,946,Amsterdam,NL,52.3730796,4.8924534
413,861,Sandefjord,NO,59.0799004,10.2804322
414,807,Libreville,,0.4086518,9.4418849
415,1206,Jakarta,ID,-6.1754049,106.827168
416,1133,Miami,US,25.7741566,-80.1935973
417,491,Chicago,US,41.8755616,-87.6244212
418,632,Zurich,CH,47.3744489,8.5410422
419,1334,,,52.2333742,21.0711489
420,1335,,,52.2333742,21.0711489
421,755,NCR,PH,28.3486575,77.1056889
422,970,Istanbul,TR,41.006381,28.9758715
423,165,kiev,UA,50.4500336,30.5241361
424,1235,,DE,52.2333742,21.0711489
425,1295,,,52.2333742,21.0711489
426,1045,Kharkov,UA,49.9923181,36.2310146
427,1049,Lviv,UA,49.841952,24.0315921
428,1047,Odessa,UA,46.4843023,30.7322878
429,1046,Warsaw,PL,52.2333742,21.0711489
430,1048,Zaporizhia,UA,47.4165079,35.922969
431,1282,,,52.2333742,21.0711489
432,1281,,,52.2333742,21.0711489
433,10,Lisbon,PT,38.7077507,-9.1365919
434,1357,,,52.2333742,21.0711489
435,92,Accra,GH,5.5571096,-0.2012376
436,103,Gothenburg,SE,57.7072326,11.9670171
437,1369,,,52.2333742,21.0711489
438,474,Gdansk,PL,54.3482907,18.6540233
439,581,Saint Petersburg,RU,59.9606739,30.1586551
440,1378,,,52.2333742,21.0711489
441,1016,Riga,LV,56.9493977,24.1051846
442,522,Amsterdam,NL,52.3730796,4.8924534
443,967,Goma,CD,-1.6665685,29.225652
444,1342,,,52.2333742,21.0711489
445,1202,North Kansas City,US,39.1432057,-94.5733988
446,752,Athens,GR,33.9597677,-83.376398
447,753,Athens,GR,33.9597677,-83.376398
448,348,Graz,AT,47.0708678,15.4382786
449,539,St. George's,GD,12.0535331,-61.751805
450,1141,Groningen,NL,53.2190652,6.5680077
451,476,Toronto,CA,43.6534817,-79.3839347
452,472,Hagåtña,GU,13.4738606,144.7520557
453,1407,Harmon,GU,34.7486602,-99.8358205
454,530,Cayenne,GY,4.9371544,-52.3258736
455,47,Hamburg,DE,53.550341,10.000654
456,912,SundarHaraicha,NP,26.669687,87.383035
457,1348,,,52.2333742,21.0711489
458,730,Harare,,-17.8567035,31.0601584
459,659,Halifax,CA,44.648618,-63.5859487
460,184,Hamilton,NZ,43.2560802,-79.8728583
461,201,Honolulu,US,21.304547,-157.855676
462,110,Hong Kong,HK,22.350627,114.1849161
463,1420,Tsuen Wan,HK,22.3716605,114.1134699
464,885,"Houston, TX",US,29.7589382,-95.3676974
465,923,,US,52.2333742,21.0711489
466,1027,Sydney,AU,-33.8698439,151.2082848
467,1023,Sydney,AU,-33.8698439,151.2082848
468,1028,Auckland,NZ,-36.852095,174.7631803
469,1022,Brisbane,AU,-27.4689623,153.0235009
470,1026,Adelaide,AU,-34.9281805,138.5999312
471,1024,Melbourne,AU,-37.8142454,144.9631732
472,1025,Perth,AU,-31.9558967,115.8605784
473,136,Phnom Penh,KH,11.5730391,104.857807
474,1393,Huancayo,PE,-12.068098,-75.2100953
475,960,Huntsville,US,34.729847,-86.5859011
476,331,Hong Kong,HK,22.350627,114.1849161
477,993,Dubai,AE,25.0742823,55.1885387
478,994,Mumbai,IN,19.054999,72.8692035
479,996,Muscat,AE,23.6123628,58.5938134
480,995,Queretaro,US,20.8052225,-99.8837376
481,1019,Santiago,CO,9.8694792,-83.7980749
482,997,Seoul,KR,37.5666791,126.9782914
483,998,Taipei,TW,25.0375198,121.5636796
484,1018,Vienna,AT,48.2083537,16.3725042
485,992,Delhi,IN,28.6328027,77.2197713
486,727,,UA,52.2333742,21.0711489
487,112,Tel-Aviv,IL,32.0852997,34.7818064
488,1029,Tallinn,EE,59.4372419,24.7572802
489,111,Jakarta,ID,-6.1754049,106.827168
490,1164,Surabaya,ID,-7.2462836,112.7377674
491,1159,Denpasar,ID,-8.6524973,115.2191175
492,1165,Serang,ID,-6.1169662,106.1518079
493,1160,Bandung,ID,-6.9218457,107.6070833
494,1325,,,52.2333742,21.0711489
495,1163,Semarang,ID,-6.9903988,110.4229104
496,1321,,,52.2333742,21.0711489
497,1162,Bandar Lampung,ID,-5.4460713,105.2643742
498,1322,,,52.2333742,21.0711489
499,1320,,,52.2333742,21.0711489
500,1323,,,52.2333742,21.0711489
501,1324,,,52.2333742,21.0711489
502,1161,Medan,ID,3.5894617,98.6741623
503,1434,Indianapolis,US,39.7683331,-86.1583502
504,646,Cork,IE,51.8985136,-8.4726423
505,20,Dublin,IE,53.3493795,-6.2605593
506,645,Dublin,IE,53.3493795,-6.2605593
507,959,Rümlang,CH,47.4507163,8.5299122
508,1248,Tokyo,JP,35.6768601,139.7638947
509,872,,AU,52.2333742,21.0711489
510,873,,AU,52.2333742,21.0711489
511,874,,AU,52.2333742,21.0711489
512,875,,AU,52.2333742,21.0711489
513,871,,AU,52.2333742,21.0711489
514,876,,AU,52.2333742,21.0711489
515,863,,AU,52.2333742,21.0711489
516,814,Ciudad de Panamá,PA,8.9714493,-79.5341802
517,1146,Amsterdam,NL,52.3730796,4.8924534
518,37,Bucharest,RO,44.4361414,26.1027202
519,1249,,,52.2333742,21.0711489
520,1243,,,52.2333742,21.0711489
521,1353,,,52.2333742,21.0711489
522,560,Istanbul,TR,41.006381,28.9758715
523,933,Istanbul,TR,41.006381,28.9758715
524,1182,Birmingham,GB,52.4796992,-1.9026911
525,617,Kolkata,IN,22.5726459,88.3638953
526,1447,"Ashburn, VA 20147",US,39.0437192,-77.4874899
527,543,"Ft. Lauderdale, FL",US,26.1223084,-80.1433786
528,1309,,,52.2333742,21.0711489
529,578,Liverpool,GB,53.4071991,-2.99168
530,1311,,,52.2333742,21.0711489
531,1310,,,52.2333742,21.0711489
532,865,Roraima,BR,2.135138,-61.3631922
533,1200,Fortaleza,BR,-3.7304512,-38.5217989
534,1397,,,52.2333742,21.0711489
535,572,Auckland,NZ,-36.852095,174.7631803
536,608,Ashburn,US,39.029784,-77.4744148
537,1252,,,52.2333742,21.0711489
538,30,,DE,52.2333742,21.0711489
539,606,Brisbane,AU,-27.4689623,153.0235009
540,1441,Boston,US,42.3554334,-71.060511
541,1394,Ciudad del Este,PY,-25.5169015,-54.6168645
542,1398,,,52.2333742,21.0711489
543,1250,,,52.2333742,21.0711489
544,610,Dallas,US,32.7762719,-96.7968559
545,1254,,,52.2333742,21.0711489
546,650,Aurora,US,41.7571701,-88.3147539
547,1431,Dublin,IE,53.3493795,-6.2605593
548,340,,DE,52.2333742,21.0711489
549,431,,DE,52.2333742,21.0711489
550,341,,DE,52.2333742,21.0711489
551,1416,Houston,US,29.7589382,-95.3676974
552,1433,Osaka,JP,34.6937569,135.5014539
553,647,Las Vegas,US,36.1674263,-115.1484131
554,611,Los Angeles,US,34.0536909,-118.242766
555,1438,Madrid,ES,40.416782,-3.703507
556,563,Melbourne,AU,-37.8142454,144.9631732
557,1253,,,52.2333742,21.0711489
558,1440,Milano,IT,45.4641943,9.1896346
559,77,,DE,52.2333742,21.0711489
560,194,Nizhny Novgorod,RU,56.2769292,43.9212981
561,1251,,,52.2333742,21.0711489
562,1436,Portland,US,45.5202471,-122.674194
563,607,Perth,AU,-31.9558967,115.8605784
564,1437,Phoenix,US,33.4484367,-112.074141
565,1439,Sao Paulo,BR,-23.5506507,-46.6333824
566,613,Seattle,US,47.6038321,-122.330062
567,574,Singapore,SG,1.357107,103.8194992
568,1399,,,52.2333742,21.0711489
569,731,Sofia,BG,42.6977028,23.3217359
570,570,Sydney,AU,-33.8698439,151.2082848
571,575,Toronto,CA,43.6534817,-79.3839347
572,1432,Montreal,CA,45.5031824,-73.5698065
573,631,Aracaju,BR,-10.9162061,-37.0774655
574,378,Belém,BR,-1.45056,-48.4682453
575,154,Belo Horizonte,BR,-19.9227318,-43.9450948
576,989,Boa Vista,BR,2.8208478,-60.6719582
577,155,Brasilia,BR,-10.3333333,-53.2
578,283,Campina Grande,BR,-7.2246743,-35.8771292
579,262,Campinas,BR,-22.9056391,-47.059564
580,869,Campo Grande,BR,-20.4640173,-54.6162947
581,868,Cascavel,BR,-24.9554996,-53.4560544
582,376,Caxias do Sul,BR,-29.1685045,-51.1796385
583,500,Cuiabá,BR,-15.5986686,-56.0991301
584,156,Curitiba,BR,-25.4944375,-49.284271
585,157,Florianopolis ,BR,-27.5973002,-48.5496098
586,263,Fortaleza,BR,-3.7304512,-38.5217989
587,616,Foz do Iguaçu,BR,-25.5304023,-54.5830692
588,284,Goiania,BR,-16.680882,-49.2532691
589,787,João Pessoa,BR,-7.1215981,-34.882028
590,497,Lajeado,BR,-29.4671522,-51.9624046
591,214,Londrina,BR,-23.3112878,-51.1595023
592,788,Maceió,BR,-9.6476843,-35.7339264
593,375,Manaus,BR,-3.1316333,-59.9825041
594,498,Maringá,BR,-23.425269,-51.9382078
595,379,Natal,BR,-5.805398,-35.2080905
596,990,Palmas,BR,-10.1837852,-48.3336423
597,158,Porto Alegre,BR,-30.0324999,-51.2303767
598,1410,Porto Velho,BR,-8.7494525,-63.8735438
599,264,Recife,BR,-8.0584933,-34.8848193
600,1453,Ribeirão Preto,BR,-21.1776315,-47.8100983
601,1228,Rio Branco,BR,-9.9765362,-67.8220778
602,159,Rio de Janeiro,BR,-22.9110137,-43.2093727
603,160,Salvador da Bahia,BR,-13.2432762,-43.3742847
604,789,Santa Maria,BR,-29.6860512,-53.8069214
605,374,São José do Rio Preto,BR,-20.8125851,-49.3804212
606,289,São José dos Campos,BR,-23.1867782,-45.8854538
607,790,São Luís,BR,-2.5295265,-44.2963942
608,791,São Paulo,BR,-23.5506507,-46.6333824
609,792,Teresina,BR,-5.0874608,-42.8049571
610,377,Vitória,BR,-36.5986096,144.6780052
611,762,Kuwait City,KW,29.3796532,47.9734174
612,540,Lodz,PL,51.7687323,19.4569911
613,878,,US,52.2333742,21.0711489
614,1347,,,52.2333742,21.0711489
615,881,Singapore,SG,1.357107,103.8194992
616,891,Santo Domingo,DO,18.4713858,-69.8918436
617,281,Leeds,GB,53.7974185,-1.5437941
618,106,Malmoe,SE,55.6052931,13.0001566
619,1387,,,52.2333742,21.0711489
620,833,Ciudad de Mexico,MX,19.4326296,-99.1331785
621,1383,,,52.2333742,21.0711489
622,816,Manta,EC,44.6158717,7.4870199
623,817,Santo Domingo,EC,18.4713858,-69.8918436
624,1380,,,52.2333742,21.0711489
625,1384,,,52.2333742,21.0711489
626,1382,,,52.2333742,21.0711489
627,1381,,,52.2333742,21.0711489
628,1385,,,52.2333742,21.0711489
629,428,La Paz,BO,-16.4955455,-68.1336229
630,1404,Monterrey,MX,25.6802019,-100.315258
631,1139,Carolina,US,18.3640599,-65.9526682
632,1354,,,52.2333742,21.0711489
633,760,skopje,MK,41.9961816,21.4319213
634,975,Madrid,ES,40.416782,-3.703507
635,1041,Paris,FR,48.8534951,2.3483915
636,914,Zhuhai,CN,22.273734,113.5721327
637,953,Abuja,NG,9.0643305,7.4892974
638,952,Kano,NG,11.9939978,8.5219738
639,60,Lagos,NG,6.4550575,3.3941795
640,954,Port Harcourt,NG,4.7676576,7.0188527
641,830,San Lorenzo,PY,42.3832108,9.287966
642,1059,Manaus,BR,-3.1316333,-59.9825041
643,965,San Salvador,SV,13.697629,-89.191156
644,890,Yucatán,MX,20.6845957,-88.8755669
645,1428,Charleston,US,32.7884363,-79.9399309
646,1134,Jacksonville,US,30.3321838,-81.655651
647,883,Bangkok,TH,13.7524938,100.4935089
648,809,Jeddah,SA,26.2927219,50.0935638
649,945,Gianyar,ID,-8.7045117,115.3523218
650,1274,,,52.2333742,21.0711489
651,1276,,,52.2333742,21.0711489
652,1278,,,52.2333742,21.0711489
653,1277,,,52.2333742,21.0711489
654,95,Johannesburg,ZA,-26.205,28.049722
655,983,FUKUOKA,JP,33.6251241,130.6180016
656,119,Osaka,JP,34.6937569,135.5014539
657,44,Tokyo,JP,35.6768601,139.7638947
658,1010,Fukuoka,JP,33.6251241,130.6180016
659,120,Osaka,JP,34.6937569,135.5014539
660,1013,Sendai,JP,38.2677554,140.8691498
661,42,Tokyo,JP,35.6768601,139.7638947
662,1283,,,52.2333742,21.0711489
663,962,Lima,PE,-12.0459808,-77.0305912
664,417,Jacksonville,US,30.3321838,-81.655651
665,96,Kampala,UG,0.3177137,32.5813539
666,188,Almaty,KZ,43.2363924,76.9457275
667,768,Semey,KZ,50.404377,80.2496637
668,221,Kansas City,US,39.100105,-94.5781416
669,951,Nairobi,KE,-1.3026148,36.828842
670,1358,,,52.2333742,21.0711489
671,698,Kherson,UA,46.5421715,33.4079326
672,204,Kinshasa,CD,-4.3196982,15.3424196
673,72,Seoul,KR,37.5666791,126.9782914
674,670,Chisinau,MD,47.0245117,28.8322923
675,49,Nairobi,KE,-1.3026148,36.828842
676,800,Nairobi,KE,-1.3026148,36.828842
677,956,Nairobi,KE,-1.3026148,36.828842
678,78,Frankfurt am Main,DE,50.1106444,8.6820917
679,402,Khmelnytskiy,UA,,
680,381,Prishtinë,xk,42.6638771,21.1640849
681,911,Kremenchuk,UA,49.0928529,33.4308188
682,1360,,,52.2333742,21.0711489
683,1061,Taipei City,TW,-34.5948217,-58.5020211
684,1427,Dhaka,BD,23.7643863,90.3890144
685,937,Singapore,SG,1.357107,103.8194992
686,275,Kazan,RU,55.7946485,49.1115022
687,1233,,,52.2333742,21.0711489
688,968,Fremont,US,37.5482697,-121.988571
689,927,"Las Vegas, NV",US,36.1674263,-115.1484131
690,433,Lille,FR,50.6365654,3.0635282
691,1,London,GB,51.4893335,-0.1440551
692,600,London,GB,51.4893335,-0.1440551
693,349,Manchester,GB,53.4794892,-2.2451148
694,1231,Nairobi,KE,-1.3026148,36.828842
695,426,Ashburn,US,39.029784,-77.4744148
696,409,Edinburgh,GB,55.9533456,-3.1883749
697,544,Cardiff,GB,51.4816546,-3.1791934
698,1391,Lilongwe,MW,-13.9875107,33.768144
699,467,Vilnius,LT,54.6870458,25.2829111
700,765,Lisbon,PT,38.7077507,-9.1365919
701,1256,Lisbon,PT,38.7077507,-9.1365919
702,482,Vilnius,LT,54.6870458,25.2829111
703,83,Riga,LV,56.9493977,24.1051846
704,775,Frankfurt,,50.1106444,8.6820917
705,842,Düsseldorf,DE,51.2254018,6.7763137
706,774,,NL,52.2333742,21.0711489
707,1269,,,52.2333742,21.0711489
708,18,London,GB,51.4893335,-0.1440551
709,681,Amsterdam,NL,52.3730796,4.8924534
710,58,Bissen,LU,49.7891516,6.0662981
711,966,Lubumbashi,CD,-11.6642316,27.4826264
712,1209,Lusaka,ZM,-15.4163395,28.2818414
713,470,Madrid,ES,40.416782,-3.703507
714,1138,Madison,US,43.07469,-89.3841663
715,267,Madison,US,43.07469,-89.3841663
716,299,Dallas and Chicago,US,,
717,1361,,,52.2333742,21.0711489
718,918,Douglas,IM,39.7628415,-88.2170516
719,856,,,52.2333742,21.0711489
720,1154,Elche,ES,38.2653307,-0.6988391
721,665,Boston,US,42.3554334,-71.060511
722,938,Singapore,SG,1.357107,103.8194992
723,399,Winnipeg,CA,49.8955367,-97.1384584
724,740,McAllen,US,26.204114,-98.2300605
725,473,Jakarta,ID,-6.1754049,106.827168
726,278,Chisinau,MD,47.0245117,28.8322923
727,1021,Memphis,US,35.1460249,-90.0517638
728,1198,El Paso,US,31.7601164,-106.4870404
729,685,Antananarivo,MG,-18.9100122,47.5255809
730,671,Montgomery,US,32.37742,-86.3091683
731,1343,,,52.2333742,21.0711489
732,660,Miami,US,25.7741566,-80.1935973
733,1199,Ashburn,US,39.029784,-77.4744148
734,335,Minneapolis,US,44.9772995,-93.2654692
735,777,,,52.2333742,21.0711489
736,653,Indianapolis,US,39.7683331,-86.1583502
737,778,,,52.2333742,21.0711489
738,164,Milano,IT,45.4641943,9.1896346
739,1137,Minneapolis,US,44.9772995,-93.2654692
740,1424,Ulaanbaatar,MN,47.9184676,106.9177016
741,316,Manila,PH,14.5904492,120.9803621
742,207,Blantyre,MW,-15.7862543,35.0035694
743,84,Msida,MT,35.8956943,14.4891829
744,1143,Jakarta,ID,-6.1754049,106.827168
745,999,Bologna,IT,44.4938203,11.3426327
746,1419,Caserta,IT,41.2035193,14.1168624
747,1207,Palermo,IT,38.1112268,13.3524434
748,1293,Roma,IT,41.8933203,12.4829321
749,1446,Thessaloniki,GR,40.6403167,22.9352716
750,8,Milano,IT,45.4641943,9.1896346
751,546,Ebene City,MU,46.7976555,-71.2288299
752,584,Podgorica,ME,42.4415238,19.2621081
753,418,Milwaukee,US,43.0386475,-87.9090751
754,1333,,,52.2333742,21.0711489
755,1195,Yangon,MM,16.7967129,96.1609916
756,1040,Falkenstein,DE,50.4773298,12.3691588
757,823,"Moncton, New Brunswick",CA,46.0985679,-64.8004265
758,338,Maputo,MZ,-25.966213,32.56745
759,559,Marseilles,FR,41.3308666,-88.7081293
760,13,Moscow,RU,55.625578,37.6063916
761,54,Munich,DE,48.1371079,11.5753822
762,929,,US,52.2333742,21.0711489
763,1168,Male',MV,4.1779879,73.5107387
764,1148,Salt Lake City,US,40.7596198,-111.886797
765,183,Kuala Lumpur,MY,3.1526589,101.7022205
766,1370,,,52.2333742,21.0711489
767,79,Nurnberg,DE,49.453872,11.077298
768,1255,,,52.2333742,21.0711489
769,1033,Bari,IT,41.1257843,16.8620293
770,1175,Napoli,IT,40.8358846,14.2487679
771,17,Roma,IT,41.8933203,12.4829321
772,161,Santiago,CL,9.8694792,-83.7980749
773,69,Bogota,CO,4.6533817,-74.0836331
774,1400,Caracas,VE,10.5060934,-66.9146008
775,216,Guayaquil,EC,-2.2895167,-80.0983887
776,153,Quito,EC,-0.2201641,-78.5123274
777,162,Lima,PE,-12.0459808,-77.0305912
778,648,Cape Towm,ZA,6.75133,-11.37734
779,649,Durban,ZA,-29.861825,31.009909
780,351,Johannesburg,ZA,-26.205,28.049722
781,1053,Cape Town,ZA,-33.9288301,18.4172197
782,909,Johannesburg,ZA,-26.205,28.049722
783,336,Mountain View,US,37.3893889,-122.0832101
784,664,Nashville,US,36.1622767,-86.7742984
785,977,,,52.2333742,21.0711489
786,749,Kabul,AF,34.5269503,69.1850584
787,901,Newcastle,GB,54.9738474,-1.6131572
788,66, Enschede,NL,52.2233632,6.8705957
789,862,Ohio,US,40.2253569,-82.6881395
790,1201,Shijiazhuang,CN,38.0429742,114.5088385
791,413,,BG,52.2333742,21.0711489
792,1379,,,52.2333742,21.0711489
793,294,Copenhagen,DK,55.6867243,12.5700724
794,1290,,,52.2333742,21.0711489
795,1289,,,52.2333742,21.0711489
796,100,Gothenburg,SE,57.7072326,11.9670171
797,986,Helsinki,FI,60.1698897,24.9384719
798,1292,,,52.2333742,21.0711489
799,145,Lulea,SE,65.5831187,22.1459535
800,1448,Oslo,NO,59.9133301,10.7389701
801,1449,Oslo,NO,59.9133301,10.7389701
802,5,Stockholm,SE,59.3251172,18.0710935
803,1287,,,52.2333742,21.0711489
804,1288,,,52.2333742,21.0711489
805,1286,,,52.2333742,21.0711489
806,1291,,,52.2333742,21.0711489
807,102,Sundsvall,SE,62.3907552,17.3071024
808,1136,New Orleans,US,29.9559145,-90.0730259
809,359,Jakarta,ID,-6.1754049,106.827168
810,848,,BD,52.2333742,21.0711489
811,15,Praha 3,CZ,50.0842953,14.4687584
812,1268,,,52.2333742,21.0711489
813,552,Praha 3,SK,50.0842953,14.4687584
814,19,Oslo,NO,59.9133301,10.7389701
815,99,Oslo,NO,59.9133301,10.7389701
816,173,Ahmedabad,IN,23.0215374,72.5800568
817,174,Bangalore,IN,12.9767936,77.590082
818,116,Chennai,IN,13.0836939,80.270186
819,175,Hyderabad,IN,17.360589,78.4740613
820,117,Kolkata,IN,22.5726459,88.3638953
821,115,Mumbai,IN,19.054999,72.8692035
822,45,Delhi ,IN,28.6328027,77.2197713
823,1308,,,52.2333742,21.0711489
824,724,Valencia,ES,39.4697065,-0.3763353
825,27,The Hague,NL,52.0799838,4.3113461
826,769,The Hague,NL,52.0799838,4.3113461
827,1217,,,52.2333742,21.0711489
828,930,,US,52.2333742,21.0711489
829,97,Umea,SE,63.8256568,20.2630745
830,982,Portland,US,45.5202471,-122.674194
831,1219,,,52.2333742,21.0711489
832,673,Lalitpur,NP,24.6999688,78.51862
833,53,Kathmandu,NP,27.708317,85.3205817
834,1415,Amsterdam,NL,52.3730796,4.8924534
835,86,Novosibirsk,RU,55.0288307,82.9226887
836,1377,,,52.2333742,21.0711489
837,394,Sydney,AU,-33.8698439,151.2082848
838,1218,Las Vegas,US,36.1674263,-115.1484131
839,1442,"Metamorfosi, Attiki, 14452",GR,38.0601678,23.7557122
840,222,Portland,US,45.5202471,-122.674194
841,220,Helena,US,46.5927425,-112.036277
842,425,New York,US,40.7127281,-74.0060152
843,138,New York,US,40.7127281,-74.0060152
844,137,Los Angeles,US,34.0536909,-118.242766
845,786,,US,52.2333742,21.0711489
846,1349,,,52.2333742,21.0711489
847,217,Philipsburg,AN,18.0250713,-63.0483073
848,452,Düsseldorf,DE,51.2254018,6.7763137
849,1280,,,52.2333742,21.0711489
850,1190,Surabaya,ID,-7.2462836,112.7377674
851,850,Columbus,US,39.9622601,-83.0007065
852,256,Eugene,US,44.0505054,-123.0950506
853,419,Omaha,US,41.2587459,-95.9383758
854,490,Omsk,RU,54.9830067,73.3745224
855,1180,Toronto,CA,43.6534817,-79.3839347
856,1374,,,52.2333742,21.0711489
857,902,Chicago,US,41.8755616,-87.6244212
858,189,Ottawa,CA,45.4208777,-75.6901106
859,576,Nantes,FR,47.2186371,-1.5541362
860,254,Los Angeles & Seattle,US,34.1225601,-118.3640131
861,492,Sydney,AU,-33.8698439,151.2082848
862,919,Paduch,US,,
863,1362,,,52.2333742,21.0711489
864,1426,Punta Arenas,CL,-53.1625688,-70.907822
865,726,Piacenza,IT,44.8476352,9.6665313
866,410,Prague,CZ,50.0874654,14.4212535
867,1166,Jakarta,ID,-6.1754049,106.827168
868,1239,,,52.2333742,21.0711489
869,942,Perm,RU,58.0108531,56.2318528
870,1149,Chiclayo,PE,-6.7716146,-79.8387175
871,1150,Cuzco,PE,-13.5169542,-71.9792712
872,1221,,,52.2333742,21.0711489
873,1337,,,52.2333742,21.0711489
874,1220,,,52.2333742,21.0711489
875,1336,,,52.2333742,21.0711489
876,944,Arequipa,PE,-16.3988667,-71.5369607
877,745,Philadelphia,US,39.9527237,-75.1635262
878,268,Phoenix,US,33.4484367,-112.074141
879,232,Manilla,PH,14.5904492,120.9803621
880,1258,Karachi,PK,24.8546842,67.0207055
881,324,Adelaide,AU,-34.9281805,138.5999312
882,325,Brisbane,AU,-27.4689623,153.0235009
883,326,Canberra,AU,-35.2975906,149.1012676
884,327,Hobart,AU,-42.8825088,147.3281233
885,328,Melbourne,AU,-37.8142454,144.9631732
886,329,Sydney,AU,-33.8698439,151.2082848
887,293,St. Petersburg,RU,59.938732,30.316229
888,1140,Barranquilla,CO,11.0101922,-74.8231794
889,1052,Bogota,CO,4.6533817,-74.0836331
890,1204,Cali,CO,3.4108435,-76.5812127
891,985,Medellin,CO,6.2697325,-75.6025597
892,1205,Bucaramanga,CO,7.1669842,-73.1047294
893,888,Guatemala,GT,15.5855545,-90.345759
894,825,Lima,PE,-12.0459808,-77.0305912
895,803,,,52.2333742,21.0711489
896,941,La Paz,BO,-16.4955455,-68.1336229
897,804,,,52.2333742,21.0711489
898,1412,,DO,52.2333742,21.0711489
899,1411,Quetzaltenango,GT,14.8464612,-91.5194208
900,1224,,,52.2333742,21.0711489
901,1193,Queretaro,MX,20.8052225,-99.8837376
902,805,,,52.2333742,21.0711489
903,680,Santiago,CL,9.8694792,-83.7980749
904,806,,,52.2333742,21.0711489
905,761,,RU,52.2333742,21.0711489
906,1003,Frankfurt,DE,50.1106444,8.6820917
907,1006,Helsinki,FI,60.1698897,24.9384719
908,1005,Kiev,RU,50.4500336,30.5241361
909,1009,Moscow,RU,55.625578,37.6063916
910,1007,Riga,LV,56.9493977,24.1051846
911,1004,Rostov,RU,47.2222596,39.7198736
912,1008,Tallin,EE,59.4372419,24.7572802
913,729,Pittsburgh,US,40.4416941,-79.9900861
914,151,Poznan,PL,52.4006632,16.9197326
915,259,Montreal,CA,45.5031824,-73.5698065
916,347,Ramallah,PS,31.8978012,35.1924223
917,260,Toronto,CA,43.6534817,-79.3839347
918,261,Vancouver,CA,49.2608724,-123.113952
919,636,LAHORE,PK,31.5656822,74.3141829
920,558,Palermo,IT,38.1112268,13.3524434
921,1037,Mt Hagen,PG,-5.858784,144.2316365
922,1036,Lae,PG,-6.7301976,147.0008109
923,1035,Port Moresby,PG,-9.4743301,147.1599504
924,129,Palmerston North,NZ,-40.356317,175.6112388
925,1191,Presov,SK,49.0000074,21.2392122
926,1425,Gdańsk,PL,54.3482907,18.6540233
927,1355,,,52.2333742,21.0711489
928,979,Boa Vista,BR,2.8208478,-60.6719582
929,903,Cairo,EG,30.0443879,31.2357257
930,847,Doha,QA,25.2856329,51.5264162
931,853,Bettendorf,US,47.5852476,7.2770871
932,392,Brisbane,AU,-27.4689623,153.0235009
933,146,Rotterdam,NL,51.9244424,4.47775
934,924,,US,52.2333742,21.0711489
935,1000,London,GB,51.4893335,-0.1440551
936,141,Krasnoyarsk,RU,56.0091173,92.872586
937,483,Eschen,LI,48.913344,6.5912051
938,972,Ashland,US,40.7887367,-82.2360391
939,925,"Sandston, VA",US,37.5107225,-77.3115564
940,295,Kigali,RW,-1.8859597,30.1296751
941,33,Reykjavik,IS,64.145981,-21.9422367
942,686,Riga,LV,56.9493977,24.1051846
943,1409,Riyadh,SA,18.0107143,-15.955326
944,178,Rostov on Don,RU,47.2610441,39.7249086
945,846,,RO,52.2333742,21.0711489
946,866,Lausanne,CH,46.5218269,6.6327025
947,16,Bucharest,RO,44.4361414,26.1027202
948,870,Bucharest,RO,44.4361414,26.1027202
949,1386,,,52.2333742,21.0711489
950,1413,Lima,PE,-12.0459808,-77.0305912
951,479,Tallin,EE,59.4372419,24.7572802
952,973,Kyiv,UA,50.4500336,30.5241361
953,1227,Sofia,BG,42.6977028,23.3217359
954,391,Adelaide,AU,-34.9281805,138.5999312
955,957,Saarbrücken,DE,49.234362,6.996379
956,926,"Sacramento, CA",US,38.5810606,-121.493895
957,553,Salzburg,AT,47.7981346,13.0464806
958,1167,Thuwal,SA,22.2833454,39.1128145
959,770,Riyadh,SA,18.0107143,-15.955326
960,961,San Diego,US,32.7174202,-117.162772
961,1132,Santa Clara,US,37.3541132,-121.955174
962,1241,La Vega,DO,19.0311497,-70.7274246
963,1179,Strasbourg,FR,48.584614,7.7507127
964,1055,Saint Barthélemy,FR,17.8967693,-62.825598
965,1345,,,52.2333742,21.0711489
966,1050,London,GB,51.4893335,-0.1440551
967,674,Santiago,CL,9.8694792,-83.7980749
968,489,Krasnodar,RU,45.0351532,38.9772396
969,894,Zurich,CH,47.3744489,8.5410422
970,895,Dusseldorf,DE,51.2254018,6.7763137
971,1176,Amsterdam,NL,52.3730796,4.8924534
972,32,Paris,FR,48.8534951,2.3483915
973,223,Fremont,US,37.5482697,-121.988571
974,668,Barnaul,RU,53.3475493,83.7788448
975,371,Singapore,SG,1.357107,103.8194992
976,655,Krasnoyarsk,RU,56.0091173,92.872586
977,950,Rome,IT,41.8933203,12.4829321
978,1208,Siouix City,US,,
979,167,Košice,SK,48.7172272,21.2496774
980,25,Ljubljana,SI,46.0500268,14.5069289
981,1142,Bogor,ID,-6.5962986,106.7972421
982,89,Bratislava,SK,48.1516988,17.1093063
983,679,Seattle,US,47.6038321,-122.330062
984,148,Seattle,US,47.6038321,-122.330062
985,200,Stavanger,NO,58.9699675,5.7318101
986,723,Serrekunda,GM,13.438762,-16.674807
987,388,Khartoum,SD,15.5038301,32.5738979
988,822,New Brunswick,CA,46.500283,-66.750183
989,1044,Basseterre,KN,17.2960919,-62.722301
990,877,,HK,52.2333742,21.0711489
991,1017,Fremont,US,37.5482697,-121.988571
992,503,Salt Lake City,US,40.7596198,-111.886797
993,1158,Marigot,US,18.0668544,-63.0848869
994,320,Abu Dhabi,AE,24.4538352,54.3774014
995,228,Riga,LV,56.9493977,24.1051846
996,88,Samara,RU,53.1956255,50.1014927
997,271,Medford,US,42.4184296,-71.1061639
998,91,Stockholm,SE,59.3251172,18.0710935
999,1285,,,52.2333742,21.0711489
1000,754,Mogadishu,SO,2.0349312,45.3419183
1001,1414,Wolfsburg,DE,52.4205588,10.7861682
1002,1001,Gothenburg,SE,57.7072326,11.9670171
1003,1247,Malmö,SE,55.6052931,13.0001566
1004,963,Stockholm,SE,59.3251172,18.0710935
1005,133,Singapore,SG,1.357107,103.8194992
1006,292,Belgrade,RS,44.8178131,20.4568974
1007,87,St.-Petersburg,RU,59.938732,30.316229
1008,898,,NL,52.2333742,21.0711489
1009,854,Spokane,US,47.6571934,-117.42351
1010,1341,,,52.2333742,21.0711489
1011,758,,KG,52.2333742,21.0711489
1012,906,Frankfurt am Main,DE,50.1106444,8.6820917
1013,713,Copenhagen,DK,55.6867243,12.5700724
1014,712,Gothenburg,SE,57.7072326,11.9670171
1015,144,Stockholm,SE,59.3251172,18.0710935
1016,820,Sundsvall,SE,62.3907552,17.3071024
1017,844,Umeå,SE,63.8256568,20.2630745
1018,884,St. Louis,US,38.6280278,-90.1910154
1019,1225,Taipei City,TW,-34.5948217,-58.5020211
1020,139,Stuttgart,DE,48.7784485,9.1800132
1021,384,Stavropol,RU,44.8632577,43.4406913
1022,1194,Pekanbaru,ID,0.5262455,101.4515727
1023,1043,Paramaribo,SR,5.8241764,-55.1662813
1024,974,Ghaziabad,IN,28.7749966,77.4586967
1025,34,Glattbrugg,CH,47.4326312,8.5647892
1026,813,Gavle,SE,60.6750132,17.1467019
1027,949,SAINT-MARTIN,US,18.0814066,-63.0467131
1028,666,Sofia,BG,42.6977028,23.3217359
1029,635,Tahoe,US,38.7962368,-90.3638369
1030,1135,Tallahassee,US,30.4380832,-84.2809332
1031,1257,Perth,AU,-31.9558967,115.8605784
1032,424,St. George,US,37.104153,-113.584131
1033,859,Tehran,IR,35.6892523,51.3896004
1034,936,Bangkok,TH,13.7524938,100.4935089
1035,934,,MY,52.2333742,21.0711489
1036,935,Singapore,SG,1.357107,103.8194992
1037,1356,,,52.2333742,21.0711489
1038,1145,Brookings,US,44.311461,-96.79844
1039,889,Thessaloniki,GR,40.6403167,22.9352716
1040,346,Warsaw,PL,52.2333742,21.0711489
1041,1184,Hafnarfjörður,IS,64.0695354,-21.9575664
1042,663,Hall in Tirol,AT,47.2816648,11.5075337
1043,76,Tallinn,EE,59.4372419,24.7572802
1044,212,Arusha,TZ,-3.3696827,36.6880794
1045,50,Dar es Salaam,TZ,-6.8160837,39.2803583
1046,1318,,,52.2333742,21.0711489
1047,1319,,,52.2333742,21.0711489
1048,675,Mwanza,TZ,-2.5196915,32.9014417
1049,1317,,,52.2333742,21.0711489
1050,199,Tromsø,NO,69.6516345,18.9558585
1051,26,Florence,IT,43.7697955,11.2556404
1052,98,Tallinn,EE,59.4372419,24.7572802
1053,14,,IT,52.2333742,21.0711489
1054,163,Toronto,CA,43.6534817,-79.3839347
1055,495,Duluth,US,46.7838287,-92.1052679
1056,656,Tampa,US,27.9477595,-82.458444
1057,185,Taipei,TW,25.0375198,121.5636796
1058,401,Warszawa,PL,52.2319581,21.0067249
1059,864,Denizli,TR,37.8275892,29.2389539
1060,330,Canberra,AU,-35.2975906,149.1012676
1061,193,Trondheim,NO,63.4304475,10.3952118
1062,46,Tampere,FI,61.4977929,23.7616372
1063,1418,,FI,52.2333742,21.0711489
1064,536,Barataria,TT,29.7040835,-90.1114596
1065,799,,,52.2333742,21.0711489
1066,757,Thimphu,BT,27.4713546,89.6336729
1067,931,,US,52.2333742,21.0711489
1068,880,Tunis,TN,33.8439408,9.400138
1069,767,Istanbul,TR,41.006381,28.9758715
1070,113,Taipei,TW,25.0375198,121.5636796
1071,48,Kiev,UA,50.4500336,30.5241361
1072,829,Ponta Grossa,BR,-25.0891685,-50.1601812
1073,187,Ulyanovsk,RU,54.3150278,48.403373
1074,598,Coventry,GB,52.4081812,-1.510477
1075,1346,,,52.2333742,21.0711489
1076,849,Yogyakarta,ID,-7.9778384,110.3672257
1077,535,Vancouver,CA,49.2608724,-123.113952
1078,819,Varna,BG,43.2073873,27.9166653
1079,393,Melbourne,AU,-37.8142454,144.9631732
1080,3,,AT,52.2333742,21.0711489
1081,897,Balzers,LI,47.0688822,9.506159
1082,170,Vladivostok,RU,43.1150678,131.8855768
1083,134,Hanoi,VN,21.0283334,105.854041
1084,135,Ho Chi Minh City,VN,10.7755254,106.7021047
1085,1327,,,52.2333742,21.0711489
1086,1240,,,52.2333742,21.0711489
1087,971,Yaroslavl,RU,57.6263877,39.8933705
1088,38,Padua,IT,45.4077172,11.8734455
1089,494,Port Vila,VU,-17.7414972,168.3150163
1090,678,Moscow,RU,55.625578,37.6063916
1091,108,Perth,AU,-31.9558967,115.8605784
1092,1186,Eugene,US,44.0505054,-123.0950506
1093,85,Warsaw,PL,52.2333742,21.0711489
1094,132,Wellington,NZ,-41.2887953,174.7772114
1095,1392,Wellington,NZ,-41.2887953,174.7772114
1096,386,Winnipeg,CA,49.8955367,-97.1384584
1097,1210,Mumbai,IN,19.054999,72.8692035
1098,1352,,,52.2333742,21.0711489
1099,1215,Vancouver,CA,49.2608724,-123.113952
1100,493,Yaroslavl,RU,57.6263877,39.8933705
1101,669,Edmonton,CA,53.5462055,-113.491241
1102,219,Billings,US,45.7874957,-108.49607
1103,858,Saskatoon,CA,52.131802,-106.660767
1104,398,Calgary,CA,51.0456064,-114.057541
1105,1237,,,52.2333742,21.0711489
1106,1351,,,52.2333742,21.0711489
1107,213,Harare,ZW,-17.8567035,31.0601584
